# ===========================================
#  _______ _____ __  __ ______ __________  _   _ ______   _      _____  _____ _______ 
# |__   __|_   _|  \/  |  ____|___  / __ \| \ | |  ____| | |    |_   _|/ ____|__   __|
#    | |    | | | \  / | |__     / / |  | |  \| | |__    | |      | | | (___    | |   
#    | |    | | | |\/| |  __|   / /| |  | | . ` |  __|   | |      | |  \___ \   | |   
#    | |   _| |_| |  | | |____ / /_| |__| | |\  | |____  | |____ _| |_ ____) |  | |   
#    |_|  |_____|_|  |_|______/_____\____/|_| \_|______| |______|_____|_____/   |_|   
# ===========================================  

# { timeZone: "Africa/Abidjan" },
# { timeZone: "Africa/Accra" },
# { timeZone: "Africa/Algiers" },
# { timeZone: "Africa/Asmara" },
# { timeZone: "Africa/Asmera" },
# { timeZone: "Africa/Bamako" },
# { timeZone: "Africa/Bangui" },
# { timeZone: "Africa/Banjul" },
# { timeZone: "Africa/Bissau" },
# { timeZone: "Africa/Blantyre" },
# { timeZone: "Africa/Brazzaville" },
# { timeZone: "Africa/Bujumbura" },
# { timeZone: "Africa/Cairo" },
# { timeZone: "Africa/Casablanca" },
# { timeZone: "Africa/Ceuta" },
# { timeZone: "Africa/Addis_Ababa" },
# { timeZone: "Africa/Conakry" },
# { timeZone: "Africa/Dakar" },
# { timeZone: "Africa/Dar_es_Salaam" },
# { timeZone: "Africa/Djibouti" },
# { timeZone: "Africa/Douala" },
# { timeZone: "Africa/El_Aaiun" },
# { timeZone: "Africa/Freetown" },
# { timeZone: "Africa/Gaborone" },
# { timeZone: "Africa/Harare" },
# { timeZone: "Africa/Johannesburg" },
# { timeZone: "Africa/Juba" },
# { timeZone: "Africa/Kampala" },
# { timeZone: "Africa/Khartoum" },
# { timeZone: "Africa/Kigali" },
# { timeZone: "Africa/Kinshasa" },
# { timeZone: "Africa/Lagos" },
# { timeZone: "Africa/Libreville" },
# { timeZone: "Africa/Lome" },
# { timeZone: "Africa/Luanda" },
# { timeZone: "Africa/Lubumbashi" },
# { timeZone: "Africa/Lusaka" },
# { timeZone: "Africa/Malabo" },
# { timeZone: "Africa/Maputo" },
# { timeZone: "Africa/Maseru" },
# { timeZone: "Africa/Mbabane" },
# { timeZone: "Africa/Mogadishu" },
# { timeZone: "Africa/Monrovia" },
# { timeZone: "Africa/Nairobi" },
# { timeZone: "Africa/Ndjamena" },
# { timeZone: "Africa/Niamey" },
# { timeZone: "Africa/Nouakchott" },
# { timeZone: "Africa/Ouagadougou" },
# { timeZone: "Africa/Porto-Novo" },
# { timeZone: "Africa/Sao_Tome" },
# { timeZone: "Africa/Timbuktu" },
# { timeZone: "Africa/Tripoli" },
# { timeZone: "Africa/Tunis" },
# { timeZone: "Africa/Windhoek" },
# { timeZone: "America/Adak" },
# { timeZone: "America/Anchorage" },
# { timeZone: "America/Anguilla" },
# { timeZone: "America/Antigua" },
# { timeZone: "America/Araguaina" },
# { timeZone: "America/Argentina/Buenos_Aires" },
# { timeZone: "America/Argentina/Catamarca" },
# { timeZone: "America/Argentina/ComodRivadavia" },
# { timeZone: "America/Argentina/Cordoba" },
# { timeZone: "America/Argentina/Jujuy" },
# { timeZone: "America/Argentina/La_Rioja" },
# { timeZone: "America/Argentina/Mendoza" },
# { timeZone: "America/Argentina/Rio_Gallegos" },
# { timeZone: "America/Argentina/Salta" },
# { timeZone: "America/Argentina/San_Juan" },
# { timeZone: "America/Argentina/San_Luis" },
# { timeZone: "America/Argentina/Tucuman" },
# { timeZone: "America/Argentina/Ushuaia" },
# { timeZone: "America/Aruba" },
# { timeZone: "America/Asuncion" },
# { timeZone: "America/Atikokan" },
# { timeZone: "America/Atka" },
# { timeZone: "America/Bahia" },
# { timeZone: "America/Bahia_Banderas" },
# { timeZone: "America/Barbados" },
# { timeZone: "America/Belem" },
# { timeZone: "America/Belize" },
# { timeZone: "America/Blanc-Sablon" },
# { timeZone: "America/Boa_Vista" },
# { timeZone: "America/Bogota" },
# { timeZone: "America/Boise" },
# { timeZone: "America/Buenos_Aires" },
# { timeZone: "America/Cambridge_Bay" },
# { timeZone: "America/Campo_Grande" },
# { timeZone: "America/Cancun" },
# { timeZone: "America/Caracas" },
# { timeZone: "America/Catamarca" },
# { timeZone: "America/Cayenne" },
# { timeZone: "America/Cayman" },
# { timeZone: "America/Chicago" },
# { timeZone: "America/Chihuahua" },
# { timeZone: "America/Coral_Harbour" },
# { timeZone: "America/Cordoba" },
# { timeZone: "America/Costa_Rica" },
# { timeZone: "America/Creston" },
# { timeZone: "America/Cuiaba" },
# { timeZone: "America/Curacao" },
# { timeZone: "America/Danmarkshavn" },
# { timeZone: "America/Dawson" },
# { timeZone: "America/Dawson_Creek" },
# { timeZone: "America/Denver" },
# { timeZone: "America/Detroit" },
# { timeZone: "America/Dominica" },
# { timeZone: "America/Edmonton" },
# { timeZone: "America/Eirunepe" },
# { timeZone: "America/El_Salvador" },
# { timeZone: "America/Ensenada" },
# { timeZone: "America/Fort_Nelson" },
# { timeZone: "America/Fort_Wayne" },
# { timeZone: "America/Fortaleza" },
# { timeZone: "America/Glace_Bay" },
# { timeZone: "America/Godthab" },
# { timeZone: "America/Goose_Bay" },
# { timeZone: "America/Grand_Turk" },
# { timeZone: "America/Grenada" },
# { timeZone: "America/Guadeloupe" },
# { timeZone: "America/Guatemala" },
# { timeZone: "America/Guayaquil" },
# { timeZone: "America/Guyana" },
# { timeZone: "America/Halifax" },
# { timeZone: "America/Havana" },
# { timeZone: "America/Hermosillo" },
# { timeZone: "America/Indiana/Indianapolis" },
# { timeZone: "America/Indiana/Knox" },
# { timeZone: "America/Indiana/Marengo" },
# { timeZone: "America/Indiana/Petersburg" },
# { timeZone: "America/Indiana/Tell_City" },
# { timeZone: "America/Indiana/Vevay" },
# { timeZone: "America/Indiana/Vincennes" },
# { timeZone: "America/Indiana/Winamac" },
# { timeZone: "America/Indianapolis" },
# { timeZone: "America/Inuvik" },
# { timeZone: "America/Iqaluit" },
# { timeZone: "America/Jamaica" },
# { timeZone: "America/Jujuy" },
# { timeZone: "America/Juneau" },
# { timeZone: "America/Kentucky/Louisville" },
# { timeZone: "America/Kentucky/Monticello" },
# { timeZone: "America/Knox_IN" },
# { timeZone: "America/Kralendijk" },
# { timeZone: "America/La_Paz" },
# { timeZone: "America/Lima" },
# { timeZone: "America/Los_Angeles" },
# { timeZone: "America/Louisville" },
# { timeZone: "America/Lower_Princes" },
# { timeZone: "America/Maceio" },
# { timeZone: "America/Managua" },
# { timeZone: "America/Manaus" },
# { timeZone: "America/Marigot" },
# { timeZone: "America/Martinique" },
# { timeZone: "America/Matamoros" },
# { timeZone: "America/Mazatlan" },
# { timeZone: "America/Mendoza" },
# { timeZone: "America/Menominee" },
# { timeZone: "America/Merida" },
# { timeZone: "America/Metlakatla" },
# { timeZone: "America/Mexico_City" },
# { timeZone: "America/Miquelon" },
# { timeZone: "America/Moncton" },
# { timeZone: "America/Monterrey" },
# { timeZone: "America/Montevideo" },
# { timeZone: "America/Montreal" },
# { timeZone: "America/Montserrat" },
# { timeZone: "America/Nassau" },
# { timeZone: "America/New_York" },
# { timeZone: "America/Nipigon" },
# { timeZone: "America/Nome" },
# { timeZone: "America/Noronha" },
# { timeZone: "America/North_Dakota/Beulah" },
# { timeZone: "America/North_Dakota/Center" },
# { timeZone: "America/North_Dakota/New_Salem" },
# { timeZone: "America/Ojinaga" },
# { timeZone: "America/Panama" },
# { timeZone: "America/Pangnirtung" },
# { timeZone: "America/Paramaribo" },
# { timeZone: "America/Phoenix" },
# { timeZone: "America/Port-au-Prince" },
# { timeZone: "America/Port_of_Spain" },
# { timeZone: "America/Porto_Acre" },
# { timeZone: "America/Porto_Velho" },
# { timeZone: "America/Puerto_Rico" },
# { timeZone: "America/Punta_Arenas" },
# { timeZone: "America/Rainy_River" },
# { timeZone: "America/Rankin_Inlet" },
# { timeZone: "America/Recife" },
# { timeZone: "America/Regina" },
# { timeZone: "America/Resolute" },
# { timeZone: "America/Rio_Branco" },
# { timeZone: "America/Rosario" },
# { timeZone: "America/Santa_Isabel" },
# { timeZone: "America/Santarem" },
# { timeZone: "America/Santiago" },
# { timeZone: "America/Santo_Domingo" },
# { timeZone: "America/Sao_Paulo" },
# { timeZone: "America/Scoresbysund" },
# { timeZone: "America/Shiprock" },
# { timeZone: "America/Sitka" },
# { timeZone: "America/St_Barthelemy" },
# { timeZone: "America/St_Johns" },
# { timeZone: "America/St_Kitts" },
# { timeZone: "America/St_Lucia" },
# { timeZone: "America/St_Thomas" },
# { timeZone: "America/St_Vincent" },
# { timeZone: "America/Swift_Current" },
# { timeZone: "America/Tegucigalpa" },
# { timeZone: "America/Thule" },
# { timeZone: "America/Thunder_Bay" },
# { timeZone: "America/Tijuana" },
# { timeZone: "America/Toronto" },
# { timeZone: "America/Tortola" },
# { timeZone: "America/Vancouver" },
# { timeZone: "America/Virgin" },
# { timeZone: "America/Whitehorse" },
# { timeZone: "America/Winnipeg" },
# { timeZone: "America/Yakutat" },
# { timeZone: "America/Yellowknife" },
# { timeZone: "Antarctica/Casey" },
# { timeZone: "Antarctica/Davis" },
# { timeZone: "Antarctica/DumontDUrville" },
# { timeZone: "Antarctica/Macquarie" },
# { timeZone: "Antarctica/Mawson" },
# { timeZone: "Antarctica/McMurdo" },
# { timeZone: "Antarctica/Palmer" },
# { timeZone: "Antarctica/Rothera" },
# { timeZone: "Antarctica/South_Pole" },
# { timeZone: "Antarctica/Syowa" },
# { timeZone: "Antarctica/Troll" },
# { timeZone: "Antarctica/Vostok" },
# { timeZone: "Arctic/Longyearbyen" },
# { timeZone: "Asia/Aden" },
# { timeZone: "Asia/Almaty" },
# { timeZone: "Asia/Amman" },
# { timeZone: "Asia/Anadyr" },
# { timeZone: "Asia/Aqtau" },
# { timeZone: "Asia/Aqtobe" },
# { timeZone: "Asia/Ashgabat" },
# { timeZone: "Asia/Ashkhabad" },
# { timeZone: "Asia/Atyrau" },
# { timeZone: "Asia/Baghdad" },
# { timeZone: "Asia/Bahrain" },
# { timeZone: "Asia/Baku" },
# { timeZone: "Asia/Bangkok" },
# { timeZone: "Asia/Barnaul" },
# { timeZone: "Asia/Beirut" },
# { timeZone: "Asia/Bishkek" },
# { timeZone: "Asia/Brunei" },
# { timeZone: "Asia/Calcutta" },
# { timeZone: "Asia/Chita" },
# { timeZone: "Asia/Choibalsan" },
# { timeZone: "Asia/Chongqing" },
# { timeZone: "Asia/Chungking" },
# { timeZone: "Asia/Colombo" },
# { timeZone: "Asia/Dacca" },
# { timeZone: "Asia/Damascus" },
# { timeZone: "Asia/Dhaka" },
# { timeZone: "Asia/Dili" },
# { timeZone: "Asia/Dubai" },
# { timeZone: "Asia/Dushanbe" },
# { timeZone: "Asia/Famagusta" },
# { timeZone: "Asia/Gaza" },
# { timeZone: "Asia/Harbin" },
# { timeZone: "Asia/Hebron" },
# { timeZone: "Asia/Ho_Chi_Minh" },
# { timeZone: "Asia/Hong_Kong" },
# { timeZone: "Asia/Hovd" },
# { timeZone: "Asia/Irkutsk" },
# { timeZone: "Asia/Istanbul" },
# { timeZone: "Asia/Jakarta" },
# { timeZone: "Asia/Jayapura" },
# { timeZone: "Asia/Jerusalem" },
# { timeZone: "Asia/Kabul" },
# { timeZone: "Asia/Kamchatka" },
# { timeZone: "Asia/Karachi" },
# { timeZone: "Asia/Kashgar" },
# { timeZone: "Asia/Kathmandu" },
# { timeZone: "Asia/Katmandu" },
# { timeZone: "Asia/Khandyga" },
# { timeZone: "Asia/Kolkata" },
# { timeZone: "Asia/Krasnoyarsk" },
# { timeZone: "Asia/Kuala_Lumpur" },
# { timeZone: "Asia/Kuching" },
# { timeZone: "Asia/Kuwait" },
# { timeZone: "Asia/Macao" },
# { timeZone: "Asia/Macau" },
# { timeZone: "Asia/Magadan" },
# { timeZone: "Asia/Makassar" },
# { timeZone: "Asia/Manila" },
# { timeZone: "Asia/Muscat" },
# { timeZone: "Asia/Nicosia" },
# { timeZone: "Asia/Novokuznetsk" },
# { timeZone: "Asia/Novosibirsk" },
# { timeZone: "Asia/Omsk" },
# { timeZone: "Asia/Oral" },
# { timeZone: "Asia/Phnom_Penh" },
# { timeZone: "Asia/Pontianak" },
# { timeZone: "Asia/Pyongyang" },
# { timeZone: "Asia/Qatar" },
# { timeZone: "Asia/Qyzylorda" },
# { timeZone: "Asia/Rangoon" },
# { timeZone: "Asia/Riyadh" },
# { timeZone: "Asia/Saigon" },
# { timeZone: "Asia/Sakhalin" },
# { timeZone: "Asia/Samarkand" },
# { timeZone: "Asia/Seoul" },
# { timeZone: "Asia/Shanghai" },
# { timeZone: "Asia/Singapore" },
# { timeZone: "Asia/Srednekolymsk" },
# { timeZone: "Asia/Taipei" },
# { timeZone: "Asia/Tashkent" },
# { timeZone: "Asia/Tbilisi" },
# { timeZone: "Asia/Tehran" },
# { timeZone: "Asia/Tel_Aviv" },
# { timeZone: "Asia/Thimbu" },
# { timeZone: "Asia/Thimphu" },
# { timeZone: "Asia/Tokyo" },
# { timeZone: "Asia/Tomsk" },
# { timeZone: "Asia/Ujung_Pandang" },
# { timeZone: "Asia/Ulaanbaatar" },
# { timeZone: "Asia/Ulan_Bator" },
# { timeZone: "Asia/Urumqi" },
# { timeZone: "Asia/Ust-Nera" },
# { timeZone: "Asia/Vientiane" },
# { timeZone: "Asia/Vladivostok" },
# { timeZone: "Asia/Yakutsk" },
# { timeZone: "Asia/Yangon" },
# { timeZone: "Asia/Yekaterinburg" },
# { timeZone: "Asia/Yerevan" },
# { timeZone: "Atlantic/Azores" },
# { timeZone: "Atlantic/Bermuda" },
# { timeZone: "Atlantic/Canary" },
# { timeZone: "Atlantic/Cape_Verde" },
# { timeZone: "Atlantic/Faeroe" },
# { timeZone: "Atlantic/Faroe" },
# { timeZone: "Atlantic/Jan_Mayen" },
# { timeZone: "Atlantic/Madeira" },
# { timeZone: "Atlantic/Reykjavik" },
# { timeZone: "Atlantic/South_Georgia" },
# { timeZone: "Atlantic/St_Helena" },
# { timeZone: "Atlantic/Stanley" },
# { timeZone: "Australia/ACT" },
# { timeZone: "Australia/Adelaide" },
# { timeZone: "Australia/Brisbane" },
# { timeZone: "Australia/Broken_Hill" },
# { timeZone: "Australia/Canberra" },
# { timeZone: "Australia/Currie" },
# { timeZone: "Australia/Darwin" },
# { timeZone: "Australia/Eucla" },
# { timeZone: "Australia/Hobart" },
# { timeZone: "Australia/LHI" },
# { timeZone: "Australia/Lindeman" },
# { timeZone: "Australia/Lord_Howe" },
# { timeZone: "Australia/Melbourne" },
# { timeZone: "Australia/NSW" },
# { timeZone: "Australia/North" },
# { timeZone: "Australia/Perth" },
# { timeZone: "Australia/Queensland" },
# { timeZone: "Australia/South" },
# { timeZone: "Australia/Sydney" },
# { timeZone: "Australia/Tasmania" },
# { timeZone: "Australia/Victoria" },
# { timeZone: "Australia/West" },
# { timeZone: "Australia/Yancowinna" },
# { timeZone: "Brazil/Acre" },
# { timeZone: "Brazil/DeNoronha" },
# { timeZone: "Brazil/East" },
# { timeZone: "Brazil/West" },
# { timeZone: "CET" },
# { timeZone: "CST6CDT" },
# { timeZone: "Canada/Atlantic" },
# { timeZone: "Canada/Central" },
# { timeZone: "Canada/Eastern" },
# { timeZone: "Canada/Mountain" },
# { timeZone: "Canada/Newfoundland" },
# { timeZone: "Canada/Pacific" },
# { timeZone: "Canada/Saskatchewan" },
# { timeZone: "Canada/Yukon" },
# { timeZone: "Chile/Continental" },
# { timeZone: "Chile/EasterIsland" },
# { timeZone: "Cuba" },
# { timeZone: "EET" },
# { timeZone: "EST" },
# { timeZone: "EST5EDT" },
# { timeZone: "Egypt" },
# { timeZone: "Eire" },
# { timeZone: "Etc/GMT" },
# { timeZone: "Etc/GMT+0" },
# { timeZone: "Etc/GMT+1" },
# { timeZone: "Etc/GMT+10" },
# { timeZone: "Etc/GMT+11" },
# { timeZone: "Etc/GMT+12" },
# { timeZone: "Etc/GMT+2" },
# { timeZone: "Etc/GMT+3" },
# { timeZone: "Etc/GMT+4" },
# { timeZone: "Etc/GMT+5" },
# { timeZone: "Etc/GMT+6" },
# { timeZone: "Etc/GMT+7" },
# { timeZone: "Etc/GMT+8" },
# { timeZone: "Etc/GMT+9" },
# { timeZone: "Etc/GMT-0" },
# { timeZone: "Etc/GMT-1" },
# { timeZone: "Etc/GMT-10" },
# { timeZone: "Etc/GMT-11" },
# { timeZone: "Etc/GMT-12" },
# { timeZone: "Etc/GMT-13" },
# { timeZone: "Etc/GMT-14" },
# { timeZone: "Etc/GMT-2" },
# { timeZone: "Etc/GMT-3" },
# { timeZone: "Etc/GMT-4" },
# { timeZone: "Etc/GMT-5" },
# { timeZone: "Etc/GMT-6" },
# { timeZone: "Etc/GMT-7" },
# { timeZone: "Etc/GMT-8" },
# { timeZone: "Etc/GMT-9" },
# { timeZone: "Etc/GMT0" },
# { timeZone: "Etc/Greenwich" },
# { timeZone: "Etc/UCT" },
# { timeZone: "Etc/UTC" },
# { timeZone: "Etc/Universal" },
# { timeZone: "Etc/Zulu" },
# { timeZone: "Europe/Amsterdam" },
# { timeZone: "Europe/Andorra" },
# { timeZone: "Europe/Astrakhan" },
# { timeZone: "Europe/Athens" },
# { timeZone: "Europe/Belfast" },
# { timeZone: "Europe/Belgrade" },
# { timeZone: "Europe/Berlin" },
# { timeZone: "Europe/Bratislava" },
# { timeZone: "Europe/Brussels" },
# { timeZone: "Europe/Bucharest" },
# { timeZone: "Europe/Budapest" },
# { timeZone: "Europe/Busingen" },
# { timeZone: "Europe/Chisinau" },
# { timeZone: "Europe/Copenhagen" },
# { timeZone: "Europe/Dublin" },
# { timeZone: "Europe/Gibraltar" },
# { timeZone: "Europe/Guernsey" },
# { timeZone: "Europe/Helsinki" },
# { timeZone: "Europe/Isle_of_Man" },
# { timeZone: "Europe/Istanbul" },
# { timeZone: "Europe/Jersey" },
# { timeZone: "Europe/Kaliningrad" },
# { timeZone: "Europe/Kiev" },
# { timeZone: "Europe/Kirov" },
# { timeZone: "Europe/Lisbon" },
# { timeZone: "Europe/Ljubljana" },
# { timeZone: "Europe/London" },
# { timeZone: "Europe/Luxembourg" },
# { timeZone: "Europe/Madrid" },
# { timeZone: "Europe/Malta" },
# { timeZone: "Europe/Mariehamn" },
# { timeZone: "Europe/Minsk" },
# { timeZone: "Europe/Monaco" },
# { timeZone: "Europe/Moscow" },
# { timeZone: "Europe/Nicosia" },
# { timeZone: "Europe/Oslo" },
# { timeZone: "Europe/Paris" },
# { timeZone: "Europe/Podgorica" },
# { timeZone: "Europe/Prague" },
# { timeZone: "Europe/Riga" },
# { timeZone: "Europe/Rome" },
# { timeZone: "Europe/Samara" },
# { timeZone: "Europe/San_Marino" },
# { timeZone: "Europe/Sarajevo" },
# { timeZone: "Europe/Saratov" },
# { timeZone: "Europe/Simferopol" },
# { timeZone: "Europe/Skopje" },
# { timeZone: "Europe/Sofia" },
# { timeZone: "Europe/Stockholm" },
# { timeZone: "Europe/Tallinn" },
# { timeZone: "Europe/Tirane" },
# { timeZone: "Europe/Tiraspol" },
# { timeZone: "Europe/Ulyanovsk" },
# { timeZone: "Europe/Uzhgorod" },
# { timeZone: "Europe/Vaduz" },
# { timeZone: "Europe/Vatican" },
# { timeZone: "Europe/Vienna" },
# { timeZone: "Europe/Vilnius" },
# { timeZone: "Europe/Volgograd" },
# { timeZone: "Europe/Warsaw" },
# { timeZone: "Europe/Zagreb" },
# { timeZone: "Europe/Zaporozhye" },
# { timeZone: "Europe/Zurich" },
# { timeZone: "GB" },
# { timeZone: "GB-Eire" },
# { timeZone: "GMT" },
# { timeZone: "GMT+0" },
# { timeZone: "GMT-0" },
# { timeZone: "GMT0" },
# { timeZone: "Greenwich" },
# { timeZone: "HST" },
# { timeZone: "Hongkong" },
# { timeZone: "Iceland" },
# { timeZone: "Indian/Antananarivo" },
# { timeZone: "Indian/Chagos" },
# { timeZone: "Indian/Christmas" },
# { timeZone: "Indian/Cocos" },
# { timeZone: "Indian/Comoro" },
# { timeZone: "Indian/Kerguelen" },
# { timeZone: "Indian/Mahe" },
# { timeZone: "Indian/Maldives" },
# { timeZone: "Indian/Mauritius" },
# { timeZone: "Indian/Mayotte" },
# { timeZone: "Indian/Reunion" },
# { timeZone: "Iran" },
# { timeZone: "Israel" },
# { timeZone: "Jamaica" },
# { timeZone: "Japan" },
# { timeZone: "Kwajalein" },
# { timeZone: "Libya" },
# { timeZone: "MET" },
# { timeZone: "MST" },
# { timeZone: "MST7MDT" },
# { timeZone: "Mexico/BajaNorte" },
# { timeZone: "Mexico/BajaSur" },
# { timeZone: "Mexico/General" },
# { timeZone: "NZ" },
# { timeZone: "NZ-CHAT" },
# { timeZone: "Navajo" },
# { timeZone: "PRC" },
# { timeZone: "PST8PDT" },
# { timeZone: "Pacific/Apia" },
# { timeZone: "Pacific/Auckland" },
# { timeZone: "Pacific/Bougainville" },
# { timeZone: "Pacific/Chatham" },
# { timeZone: "Pacific/Chuuk" },
# { timeZone: "Pacific/Easter" },
# { timeZone: "Pacific/Efate" },
# { timeZone: "Pacific/Enderbury" },
# { timeZone: "Pacific/Fakaofo" },
# { timeZone: "Pacific/Fiji" },
# { timeZone: "Pacific/Funafuti" },
# { timeZone: "Pacific/Galapagos" },
# { timeZone: "Pacific/Gambier" },
# { timeZone: "Pacific/Guadalcanal" },
# { timeZone: "Pacific/Guam" },
# { timeZone: "Pacific/Honolulu" },
# { timeZone: "Pacific/Johnston" },
# { timeZone: "Pacific/Kiritimati" },
# { timeZone: "Pacific/Kosrae" },
# { timeZone: "Pacific/Kwajalein" },
# { timeZone: "Pacific/Majuro" },
# { timeZone: "Pacific/Marquesas" },
# { timeZone: "Pacific/Midway" },
# { timeZone: "Pacific/Nauru" },
# { timeZone: "Pacific/Niue" },
# { timeZone: "Pacific/Norfolk" },
# { timeZone: "Pacific/Noumea" },
# { timeZone: "Pacific/Pago_Pago" },
# { timeZone: "Pacific/Palau" },
# { timeZone: "Pacific/Pitcairn" },
# { timeZone: "Pacific/Pohnpei" },
# { timeZone: "Pacific/Ponape" },
# { timeZone: "Pacific/Port_Moresby" },
# { timeZone: "Pacific/Rarotonga" },
# { timeZone: "Pacific/Saipan" },
# { timeZone: "Pacific/Samoa" },
# { timeZone: "Pacific/Tahiti" },
# { timeZone: "Pacific/Tarawa" },
# { timeZone: "Pacific/Tongatapu" },
# { timeZone: "Pacific/Truk" },
# { timeZone: "Pacific/Wake" },
# { timeZone: "Pacific/Wallis" },
# { timeZone: "Pacific/Yap" },
# { timeZone: "Poland" },
# { timeZone: "Portugal" },
# { timeZone: "ROC" },
# { timeZone: "ROK" },
# { timeZone: "Singapore" },
# { timeZone: "Turkey" },
# { timeZone: "UCT" },
# { timeZone: "US/Alaska" },
# { timeZone: "US/Aleutian" },
# { timeZone: "US/Arizona" },
# { timeZone: "US/Central" },
# { timeZone: "US/East-Indiana" },
# { timeZone: "US/Eastern" },
# { timeZone: "US/Hawaii" },
# { timeZone: "US/Indiana-Starke" },
# { timeZone: "US/Michigan" },
# { timeZone: "US/Mountain" },
# { timeZone: "US/Pacific" },
# { timeZone: "US/Pacific-New" },
# { timeZone: "US/Samoa" },
# { timeZone: "UTC" },
# { timeZone: "Universal" },
# { timeZone: "W-SU" },
# { timeZone: "WET" },
# { timeZone: "Zulu"
